"","t.fdr","n","p","spr","s","k","rho","amplitude","metric","method","x.1","x.2","mean","ntrials"
"1",0.01,5000, 750,0.15,0.1, 75,0,5,"fdr","a", 0.000000000,30.000000000,0.000000000,30
"2",0.02,5000, 750,0.15,0.1, 75,0,5,"fdr","a", 0.018589479,30.000000000,0.018589479,30
"3",0.03,5000, 750,0.15,0.1, 75,0,5,"fdr","a", 0.032147989,30.000000000,0.032147989,30
"4",0.04,5000, 750,0.15,0.1, 75,0,5,"fdr","a", 0.038865875,30.000000000,0.038865875,30
"5",0.05,5000, 750,0.15,0.1, 75,0,5,"fdr","a", 0.046596871,30.000000000,0.046596871,30
"6",0.06,5000, 750,0.15,0.1, 75,0,5,"fdr","a", 0.060890920,30.000000000,0.060890920,30
"7",0.07,5000, 750,0.15,0.1, 75,0,5,"fdr","a", 0.074100372,30.000000000,0.074100372,30
"8",0.08,5000, 750,0.15,0.1, 75,0,5,"fdr","a", 0.081859504,30.000000000,0.081859504,30
"9",0.09,5000, 750,0.15,0.1, 75,0,5,"fdr","a", 0.097635657,30.000000000,0.097635657,30
"10",0.10,5000, 750,0.15,0.1, 75,0,5,"fdr","a", 0.112809558,30.000000000,0.112809558,30
"11",0.11,5000, 750,0.15,0.1, 75,0,5,"fdr","a", 0.123209196,30.000000000,0.123209196,30
"12",0.12,5000, 750,0.15,0.1, 75,0,5,"fdr","a", 0.133368568,30.000000000,0.133368568,30
"13",0.13,5000, 750,0.15,0.1, 75,0,5,"fdr","a", 0.144937734,30.000000000,0.144937734,30
"14",0.14,5000, 750,0.15,0.1, 75,0,5,"fdr","a", 0.153454530,30.000000000,0.153454530,30
"15",0.15,5000, 750,0.15,0.1, 75,0,5,"fdr","a", 0.164628800,30.000000000,0.164628800,30
"16",0.16,5000, 750,0.15,0.1, 75,0,5,"fdr","a", 0.178346378,30.000000000,0.178346378,30
"17",0.17,5000, 750,0.15,0.1, 75,0,5,"fdr","a", 0.189985891,30.000000000,0.189985891,30
"18",0.18,5000, 750,0.15,0.1, 75,0,5,"fdr","a", 0.199906676,30.000000000,0.199906676,30
"19",0.19,5000, 750,0.15,0.1, 75,0,5,"fdr","a", 0.209671034,30.000000000,0.209671034,30
"20",0.20,5000, 750,0.15,0.1, 75,0,5,"fdr","a", 0.223249294,30.000000000,0.223249294,30
"21",0.01,6000, 900,0.15,0.1, 90,0,5,"fdr","a", 0.000000000,20.000000000,0.000000000,20
"22",0.02,6000, 900,0.15,0.1, 90,0,5,"fdr","a", 0.008115431,20.000000000,0.008115431,20
"23",0.03,6000, 900,0.15,0.1, 90,0,5,"fdr","a", 0.019024652,20.000000000,0.019024652,20
"24",0.04,6000, 900,0.15,0.1, 90,0,5,"fdr","a", 0.025695828,20.000000000,0.025695828,20
"25",0.05,6000, 900,0.15,0.1, 90,0,5,"fdr","a", 0.036342140,20.000000000,0.036342140,20
"26",0.06,6000, 900,0.15,0.1, 90,0,5,"fdr","a", 0.042650170,20.000000000,0.042650170,20
"27",0.07,6000, 900,0.15,0.1, 90,0,5,"fdr","a", 0.047780434,20.000000000,0.047780434,20
"28",0.08,6000, 900,0.15,0.1, 90,0,5,"fdr","a", 0.063025752,20.000000000,0.063025752,20
"29",0.09,6000, 900,0.15,0.1, 90,0,5,"fdr","a", 0.069986999,20.000000000,0.069986999,20
"30",0.10,6000, 900,0.15,0.1, 90,0,5,"fdr","a", 0.075578668,20.000000000,0.075578668,20
"31",0.11,6000, 900,0.15,0.1, 90,0,5,"fdr","a", 0.088577763,20.000000000,0.088577763,20
"32",0.12,6000, 900,0.15,0.1, 90,0,5,"fdr","a", 0.101111520,20.000000000,0.101111520,20
"33",0.13,6000, 900,0.15,0.1, 90,0,5,"fdr","a", 0.112436561,20.000000000,0.112436561,20
"34",0.14,6000, 900,0.15,0.1, 90,0,5,"fdr","a", 0.119666165,20.000000000,0.119666165,20
"35",0.15,6000, 900,0.15,0.1, 90,0,5,"fdr","a", 0.130505341,20.000000000,0.130505341,20
"36",0.16,6000, 900,0.15,0.1, 90,0,5,"fdr","a", 0.140335295,20.000000000,0.140335295,20
"37",0.17,6000, 900,0.15,0.1, 90,0,5,"fdr","a", 0.148519515,20.000000000,0.148519515,20
"38",0.18,6000, 900,0.15,0.1, 90,0,5,"fdr","a", 0.152511863,20.000000000,0.152511863,20
"39",0.19,6000, 900,0.15,0.1, 90,0,5,"fdr","a", 0.158803254,20.000000000,0.158803254,20
"40",0.20,6000, 900,0.15,0.1, 90,0,5,"fdr","a", 0.166406301,20.000000000,0.166406301,20
"41",0.01,5000,1250,0.25,0.1,125,0,5,"fdr","a", 0.011774789,20.000000000,0.011774789,20
"42",0.02,5000,1250,0.25,0.1,125,0,5,"fdr","a", 0.022287014,20.000000000,0.022287014,20
"43",0.03,5000,1250,0.25,0.1,125,0,5,"fdr","a", 0.028570099,20.000000000,0.028570099,20
"44",0.04,5000,1250,0.25,0.1,125,0,5,"fdr","a", 0.040560541,20.000000000,0.040560541,20
"45",0.05,5000,1250,0.25,0.1,125,0,5,"fdr","a", 0.052014384,20.000000000,0.052014384,20
"46",0.06,5000,1250,0.25,0.1,125,0,5,"fdr","a", 0.061432819,20.000000000,0.061432819,20
"47",0.07,5000,1250,0.25,0.1,125,0,5,"fdr","a", 0.069956358,20.000000000,0.069956358,20
"48",0.08,5000,1250,0.25,0.1,125,0,5,"fdr","a", 0.077806839,20.000000000,0.077806839,20
"49",0.09,5000,1250,0.25,0.1,125,0,5,"fdr","a", 0.085645738,20.000000000,0.085645738,20
"50",0.10,5000,1250,0.25,0.1,125,0,5,"fdr","a", 0.095654397,20.000000000,0.095654397,20
"51",0.11,5000,1250,0.25,0.1,125,0,5,"fdr","a", 0.105815625,20.000000000,0.105815625,20
"52",0.12,5000,1250,0.25,0.1,125,0,5,"fdr","a", 0.120105082,20.000000000,0.120105082,20
"53",0.13,5000,1250,0.25,0.1,125,0,5,"fdr","a", 0.131617471,20.000000000,0.131617471,20
"54",0.14,5000,1250,0.25,0.1,125,0,5,"fdr","a", 0.139213613,20.000000000,0.139213613,20
"55",0.15,5000,1250,0.25,0.1,125,0,5,"fdr","a", 0.151260429,20.000000000,0.151260429,20
"56",0.16,5000,1250,0.25,0.1,125,0,5,"fdr","a", 0.161553114,20.000000000,0.161553114,20
"57",0.17,5000,1250,0.25,0.1,125,0,5,"fdr","a", 0.171508231,20.000000000,0.171508231,20
"58",0.18,5000,1250,0.25,0.1,125,0,5,"fdr","a", 0.185398946,20.000000000,0.185398946,20
"59",0.19,5000,1250,0.25,0.1,125,0,5,"fdr","a", 0.193298897,20.000000000,0.193298897,20
"60",0.20,5000,1250,0.25,0.1,125,0,5,"fdr","a", 0.208847280,20.000000000,0.208847280,20
"321",0.01,5000, 750,0.15,0.1, 75,0,5,"power","a", 0.000000000,30.000000000,0.000000000,30
"322",0.02,5000, 750,0.15,0.1, 75,0,5,"power","a", 0.786222222,30.000000000,0.786222222,30
"323",0.03,5000, 750,0.15,0.1, 75,0,5,"power","a", 0.912444444,30.000000000,0.912444444,30
"324",0.04,5000, 750,0.15,0.1, 75,0,5,"power","a", 0.926666667,30.000000000,0.926666667,30
"325",0.05,5000, 750,0.15,0.1, 75,0,5,"power","a", 0.942222222,30.000000000,0.942222222,30
"326",0.06,5000, 750,0.15,0.1, 75,0,5,"power","a", 0.956444444,30.000000000,0.956444444,30
"327",0.07,5000, 750,0.15,0.1, 75,0,5,"power","a", 0.961777778,30.000000000,0.961777778,30
"328",0.08,5000, 750,0.15,0.1, 75,0,5,"power","a", 0.966666667,30.000000000,0.966666667,30
"329",0.09,5000, 750,0.15,0.1, 75,0,5,"power","a", 0.971111111,30.000000000,0.971111111,30
"330",0.10,5000, 750,0.15,0.1, 75,0,5,"power","a", 0.976888889,30.000000000,0.976888889,30
"331",0.11,5000, 750,0.15,0.1, 75,0,5,"power","a", 0.979111111,30.000000000,0.979111111,30
"332",0.12,5000, 750,0.15,0.1, 75,0,5,"power","a", 0.982222222,30.000000000,0.982222222,30
"333",0.13,5000, 750,0.15,0.1, 75,0,5,"power","a", 0.982666667,30.000000000,0.982666667,30
"334",0.14,5000, 750,0.15,0.1, 75,0,5,"power","a", 0.983555556,30.000000000,0.983555556,30
"335",0.15,5000, 750,0.15,0.1, 75,0,5,"power","a", 0.984888889,30.000000000,0.984888889,30
"336",0.16,5000, 750,0.15,0.1, 75,0,5,"power","a", 0.986666667,30.000000000,0.986666667,30
"337",0.17,5000, 750,0.15,0.1, 75,0,5,"power","a", 0.987555556,30.000000000,0.987555556,30
"338",0.18,5000, 750,0.15,0.1, 75,0,5,"power","a", 0.987555556,30.000000000,0.987555556,30
"339",0.19,5000, 750,0.15,0.1, 75,0,5,"power","a", 0.989333333,30.000000000,0.989333333,30
"340",0.20,5000, 750,0.15,0.1, 75,0,5,"power","a", 0.990666667,30.000000000,0.990666667,30
"341",0.01,6000, 900,0.15,0.1, 90,0,5,"power","a", 0.000000000,20.000000000,0.000000000,20
"342",0.02,6000, 900,0.15,0.1, 90,0,5,"power","a", 0.747222222,20.000000000,0.747222222,20
"343",0.03,6000, 900,0.15,0.1, 90,0,5,"power","a", 0.904444444,20.000000000,0.904444444,20
"344",0.04,6000, 900,0.15,0.1, 90,0,5,"power","a", 0.926111111,20.000000000,0.926111111,20
"345",0.05,6000, 900,0.15,0.1, 90,0,5,"power","a", 0.945000000,20.000000000,0.945000000,20
"346",0.06,6000, 900,0.15,0.1, 90,0,5,"power","a", 0.950555556,20.000000000,0.950555556,20
"347",0.07,6000, 900,0.15,0.1, 90,0,5,"power","a", 0.952222222,20.000000000,0.952222222,20
"348",0.08,6000, 900,0.15,0.1, 90,0,5,"power","a", 0.959444444,20.000000000,0.959444444,20
"349",0.09,6000, 900,0.15,0.1, 90,0,5,"power","a", 0.961666667,20.000000000,0.961666667,20
"350",0.10,6000, 900,0.15,0.1, 90,0,5,"power","a", 0.963333333,20.000000000,0.963333333,20
"351",0.11,6000, 900,0.15,0.1, 90,0,5,"power","a", 0.967222222,20.000000000,0.967222222,20
"352",0.12,6000, 900,0.15,0.1, 90,0,5,"power","a", 0.971111111,20.000000000,0.971111111,20
"353",0.13,6000, 900,0.15,0.1, 90,0,5,"power","a", 0.973888889,20.000000000,0.973888889,20
"354",0.14,6000, 900,0.15,0.1, 90,0,5,"power","a", 0.974444444,20.000000000,0.974444444,20
"355",0.15,6000, 900,0.15,0.1, 90,0,5,"power","a", 0.976666667,20.000000000,0.976666667,20
"356",0.16,6000, 900,0.15,0.1, 90,0,5,"power","a", 0.977222222,20.000000000,0.977222222,20
"357",0.17,6000, 900,0.15,0.1, 90,0,5,"power","a", 0.977777778,20.000000000,0.977777778,20
"358",0.18,6000, 900,0.15,0.1, 90,0,5,"power","a", 0.979444444,20.000000000,0.979444444,20
"359",0.19,6000, 900,0.15,0.1, 90,0,5,"power","a", 0.980000000,20.000000000,0.980000000,20
"360",0.20,6000, 900,0.15,0.1, 90,0,5,"power","a", 0.981111111,20.000000000,0.981111111,20
"361",0.01,5000,1250,0.25,0.1,125,0,5,"power","a", 0.421600000,20.000000000,0.421600000,20
"362",0.02,5000,1250,0.25,0.1,125,0,5,"power","a", 0.728400000,20.000000000,0.728400000,20
"363",0.03,5000,1250,0.25,0.1,125,0,5,"power","a", 0.852800000,20.000000000,0.852800000,20
"364",0.04,5000,1250,0.25,0.1,125,0,5,"power","a", 0.888400000,20.000000000,0.888400000,20
"365",0.05,5000,1250,0.25,0.1,125,0,5,"power","a", 0.909600000,20.000000000,0.909600000,20
"366",0.06,5000,1250,0.25,0.1,125,0,5,"power","a", 0.922000000,20.000000000,0.922000000,20
"367",0.07,5000,1250,0.25,0.1,125,0,5,"power","a", 0.927200000,20.000000000,0.927200000,20
"368",0.08,5000,1250,0.25,0.1,125,0,5,"power","a", 0.935600000,20.000000000,0.935600000,20
"369",0.09,5000,1250,0.25,0.1,125,0,5,"power","a", 0.943600000,20.000000000,0.943600000,20
"370",0.10,5000,1250,0.25,0.1,125,0,5,"power","a", 0.950000000,20.000000000,0.950000000,20
"371",0.11,5000,1250,0.25,0.1,125,0,5,"power","a", 0.954000000,20.000000000,0.954000000,20
"372",0.12,5000,1250,0.25,0.1,125,0,5,"power","a", 0.958400000,20.000000000,0.958400000,20
"373",0.13,5000,1250,0.25,0.1,125,0,5,"power","a", 0.962800000,20.000000000,0.962800000,20
"374",0.14,5000,1250,0.25,0.1,125,0,5,"power","a", 0.965600000,20.000000000,0.965600000,20
"375",0.15,5000,1250,0.25,0.1,125,0,5,"power","a", 0.970000000,20.000000000,0.970000000,20
"376",0.16,5000,1250,0.25,0.1,125,0,5,"power","a", 0.971200000,20.000000000,0.971200000,20
"377",0.17,5000,1250,0.25,0.1,125,0,5,"power","a", 0.973200000,20.000000000,0.973200000,20
"378",0.18,5000,1250,0.25,0.1,125,0,5,"power","a", 0.975600000,20.000000000,0.975600000,20
"379",0.19,5000,1250,0.25,0.1,125,0,5,"power","a", 0.976400000,20.000000000,0.976400000,20
"380",0.20,5000,1250,0.25,0.1,125,0,5,"power","a", 0.980400000,20.000000000,0.980400000,20
"641",0.01,5000, 750,0.15,0.1, 75,0,5,"fdr","james", 0.000000000,30.000000000,0.000000000,30
"642",0.02,5000, 750,0.15,0.1, 75,0,5,"fdr","james", 0.013779100,30.000000000,0.013779100,30
"643",0.03,5000, 750,0.15,0.1, 75,0,5,"fdr","james", 0.024052369,30.000000000,0.024052369,30
"644",0.04,5000, 750,0.15,0.1, 75,0,5,"fdr","james", 0.029055502,30.000000000,0.029055502,30
"645",0.05,5000, 750,0.15,0.1, 75,0,5,"fdr","james", 0.037810720,30.000000000,0.037810720,30
"646",0.06,5000, 750,0.15,0.1, 75,0,5,"fdr","james", 0.047928248,30.000000000,0.047928248,30
"647",0.07,5000, 750,0.15,0.1, 75,0,5,"fdr","james", 0.053507315,30.000000000,0.053507315,30
"648",0.08,5000, 750,0.15,0.1, 75,0,5,"fdr","james", 0.063452340,30.000000000,0.063452340,30
"649",0.09,5000, 750,0.15,0.1, 75,0,5,"fdr","james", 0.070332191,30.000000000,0.070332191,30
"650",0.10,5000, 750,0.15,0.1, 75,0,5,"fdr","james", 0.082587878,30.000000000,0.082587878,30
"651",0.11,5000, 750,0.15,0.1, 75,0,5,"fdr","james", 0.097171867,30.000000000,0.097171867,30
"652",0.12,5000, 750,0.15,0.1, 75,0,5,"fdr","james", 0.113731881,30.000000000,0.113731881,30
"653",0.13,5000, 750,0.15,0.1, 75,0,5,"fdr","james", 0.123521709,30.000000000,0.123521709,30
"654",0.14,5000, 750,0.15,0.1, 75,0,5,"fdr","james", 0.128871478,30.000000000,0.128871478,30
"655",0.15,5000, 750,0.15,0.1, 75,0,5,"fdr","james", 0.137638223,30.000000000,0.137638223,30
"656",0.16,5000, 750,0.15,0.1, 75,0,5,"fdr","james", 0.144464806,30.000000000,0.144464806,30
"657",0.17,5000, 750,0.15,0.1, 75,0,5,"fdr","james", 0.158716549,30.000000000,0.158716549,30
"658",0.18,5000, 750,0.15,0.1, 75,0,5,"fdr","james", 0.170729945,30.000000000,0.170729945,30
"659",0.19,5000, 750,0.15,0.1, 75,0,5,"fdr","james", 0.181469145,30.000000000,0.181469145,30
"660",0.20,5000, 750,0.15,0.1, 75,0,5,"fdr","james", 0.193935433,30.000000000,0.193935433,30
"661",0.01,6000, 900,0.15,0.1, 90,0,5,"fdr","james", 0.000000000,20.000000000,0.000000000,20
"662",0.02,6000, 900,0.15,0.1, 90,0,5,"fdr","james", 0.012266365,20.000000000,0.012266365,20
"663",0.03,6000, 900,0.15,0.1, 90,0,5,"fdr","james", 0.019104890,20.000000000,0.019104890,20
"664",0.04,6000, 900,0.15,0.1, 90,0,5,"fdr","james", 0.033972776,20.000000000,0.033972776,20
"665",0.05,6000, 900,0.15,0.1, 90,0,5,"fdr","james", 0.041232899,20.000000000,0.041232899,20
"666",0.06,6000, 900,0.15,0.1, 90,0,5,"fdr","james", 0.047589161,20.000000000,0.047589161,20
"667",0.07,6000, 900,0.15,0.1, 90,0,5,"fdr","james", 0.051856143,20.000000000,0.051856143,20
"668",0.08,6000, 900,0.15,0.1, 90,0,5,"fdr","james", 0.062284682,20.000000000,0.062284682,20
"669",0.09,6000, 900,0.15,0.1, 90,0,5,"fdr","james", 0.072828259,20.000000000,0.072828259,20
"670",0.10,6000, 900,0.15,0.1, 90,0,5,"fdr","james", 0.083310595,20.000000000,0.083310595,20
"671",0.11,6000, 900,0.15,0.1, 90,0,5,"fdr","james", 0.096554488,20.000000000,0.096554488,20
"672",0.12,6000, 900,0.15,0.1, 90,0,5,"fdr","james", 0.103312306,20.000000000,0.103312306,20
"673",0.13,6000, 900,0.15,0.1, 90,0,5,"fdr","james", 0.109092599,20.000000000,0.109092599,20
"674",0.14,6000, 900,0.15,0.1, 90,0,5,"fdr","james", 0.122218726,20.000000000,0.122218726,20
"675",0.15,6000, 900,0.15,0.1, 90,0,5,"fdr","james", 0.131991005,20.000000000,0.131991005,20
"676",0.16,6000, 900,0.15,0.1, 90,0,5,"fdr","james", 0.141437878,20.000000000,0.141437878,20
"677",0.17,6000, 900,0.15,0.1, 90,0,5,"fdr","james", 0.151199865,20.000000000,0.151199865,20
"678",0.18,6000, 900,0.15,0.1, 90,0,5,"fdr","james", 0.163210707,20.000000000,0.163210707,20
"679",0.19,6000, 900,0.15,0.1, 90,0,5,"fdr","james", 0.172681039,20.000000000,0.172681039,20
"680",0.20,6000, 900,0.15,0.1, 90,0,5,"fdr","james", 0.180556170,20.000000000,0.180556170,20
"681",0.01,5000,1250,0.25,0.1,125,0,5,"fdr","james", 0.001485149,20.000000000,0.001485149,20
"682",0.02,5000,1250,0.25,0.1,125,0,5,"fdr","james", 0.008734571,20.000000000,0.008734571,20
"683",0.03,5000,1250,0.25,0.1,125,0,5,"fdr","james", 0.018147436,20.000000000,0.018147436,20
"684",0.04,5000,1250,0.25,0.1,125,0,5,"fdr","james", 0.027200352,20.000000000,0.027200352,20
"685",0.05,5000,1250,0.25,0.1,125,0,5,"fdr","james", 0.031147169,20.000000000,0.031147169,20
"686",0.06,5000,1250,0.25,0.1,125,0,5,"fdr","james", 0.048485106,20.000000000,0.048485106,20
"687",0.07,5000,1250,0.25,0.1,125,0,5,"fdr","james", 0.057817976,20.000000000,0.057817976,20
"688",0.08,5000,1250,0.25,0.1,125,0,5,"fdr","james", 0.063723557,20.000000000,0.063723557,20
"689",0.09,5000,1250,0.25,0.1,125,0,5,"fdr","james", 0.076837158,20.000000000,0.076837158,20
"690",0.10,5000,1250,0.25,0.1,125,0,5,"fdr","james", 0.086373416,20.000000000,0.086373416,20
"691",0.11,5000,1250,0.25,0.1,125,0,5,"fdr","james", 0.094322436,20.000000000,0.094322436,20
"692",0.12,5000,1250,0.25,0.1,125,0,5,"fdr","james", 0.103732515,20.000000000,0.103732515,20
"693",0.13,5000,1250,0.25,0.1,125,0,5,"fdr","james", 0.110904670,20.000000000,0.110904670,20
"694",0.14,5000,1250,0.25,0.1,125,0,5,"fdr","james", 0.120633693,20.000000000,0.120633693,20
"695",0.15,5000,1250,0.25,0.1,125,0,5,"fdr","james", 0.125887645,20.000000000,0.125887645,20
"696",0.16,5000,1250,0.25,0.1,125,0,5,"fdr","james", 0.133212259,20.000000000,0.133212259,20
"697",0.17,5000,1250,0.25,0.1,125,0,5,"fdr","james", 0.142711922,20.000000000,0.142711922,20
"698",0.18,5000,1250,0.25,0.1,125,0,5,"fdr","james", 0.148600938,20.000000000,0.148600938,20
"699",0.19,5000,1250,0.25,0.1,125,0,5,"fdr","james", 0.159774866,20.000000000,0.159774866,20
"700",0.20,5000,1250,0.25,0.1,125,0,5,"fdr","james", 0.172120716,20.000000000,0.172120716,20
"961",0.01,5000, 750,0.15,0.1, 75,0,5,"power","james", 0.000000000,30.000000000,0.000000000,30
"962",0.02,5000, 750,0.15,0.1, 75,0,5,"power","james", 0.701777778,30.000000000,0.701777778,30
"963",0.03,5000, 750,0.15,0.1, 75,0,5,"power","james", 0.828000000,30.000000000,0.828000000,30
"964",0.04,5000, 750,0.15,0.1, 75,0,5,"power","james", 0.857333333,30.000000000,0.857333333,30
"965",0.05,5000, 750,0.15,0.1, 75,0,5,"power","james", 0.891111111,30.000000000,0.891111111,30
"966",0.06,5000, 750,0.15,0.1, 75,0,5,"power","james", 0.902666667,30.000000000,0.902666667,30
"967",0.07,5000, 750,0.15,0.1, 75,0,5,"power","james", 0.915555556,30.000000000,0.915555556,30
"968",0.08,5000, 750,0.15,0.1, 75,0,5,"power","james", 0.927111111,30.000000000,0.927111111,30
"969",0.09,5000, 750,0.15,0.1, 75,0,5,"power","james", 0.932444444,30.000000000,0.932444444,30
"970",0.10,5000, 750,0.15,0.1, 75,0,5,"power","james", 0.938222222,30.000000000,0.938222222,30
"971",0.11,5000, 750,0.15,0.1, 75,0,5,"power","james", 0.942666667,30.000000000,0.942666667,30
"972",0.12,5000, 750,0.15,0.1, 75,0,5,"power","james", 0.948000000,30.000000000,0.948000000,30
"973",0.13,5000, 750,0.15,0.1, 75,0,5,"power","james", 0.952888889,30.000000000,0.952888889,30
"974",0.14,5000, 750,0.15,0.1, 75,0,5,"power","james", 0.954666667,30.000000000,0.954666667,30
"975",0.15,5000, 750,0.15,0.1, 75,0,5,"power","james", 0.956000000,30.000000000,0.956000000,30
"976",0.16,5000, 750,0.15,0.1, 75,0,5,"power","james", 0.957777778,30.000000000,0.957777778,30
"977",0.17,5000, 750,0.15,0.1, 75,0,5,"power","james", 0.959111111,30.000000000,0.959111111,30
"978",0.18,5000, 750,0.15,0.1, 75,0,5,"power","james", 0.960888889,30.000000000,0.960888889,30
"979",0.19,5000, 750,0.15,0.1, 75,0,5,"power","james", 0.961333333,30.000000000,0.961333333,30
"980",0.20,5000, 750,0.15,0.1, 75,0,5,"power","james", 0.966222222,30.000000000,0.966222222,30
"981",0.01,6000, 900,0.15,0.1, 90,0,5,"power","james", 0.000000000,20.000000000,0.000000000,20
"982",0.02,6000, 900,0.15,0.1, 90,0,5,"power","james", 0.623888889,20.000000000,0.623888889,20
"983",0.03,6000, 900,0.15,0.1, 90,0,5,"power","james", 0.767777778,20.000000000,0.767777778,20
"984",0.04,6000, 900,0.15,0.1, 90,0,5,"power","james", 0.842777778,20.000000000,0.842777778,20
"985",0.05,6000, 900,0.15,0.1, 90,0,5,"power","james", 0.878333333,20.000000000,0.878333333,20
"986",0.06,6000, 900,0.15,0.1, 90,0,5,"power","james", 0.905000000,20.000000000,0.905000000,20
"987",0.07,6000, 900,0.15,0.1, 90,0,5,"power","james", 0.911666667,20.000000000,0.911666667,20
"988",0.08,6000, 900,0.15,0.1, 90,0,5,"power","james", 0.921111111,20.000000000,0.921111111,20
"989",0.09,6000, 900,0.15,0.1, 90,0,5,"power","james", 0.927777778,20.000000000,0.927777778,20
"990",0.10,6000, 900,0.15,0.1, 90,0,5,"power","james", 0.930555556,20.000000000,0.930555556,20
"991",0.11,6000, 900,0.15,0.1, 90,0,5,"power","james", 0.935000000,20.000000000,0.935000000,20
"992",0.12,6000, 900,0.15,0.1, 90,0,5,"power","james", 0.938333333,20.000000000,0.938333333,20
"993",0.13,6000, 900,0.15,0.1, 90,0,5,"power","james", 0.939444444,20.000000000,0.939444444,20
"994",0.14,6000, 900,0.15,0.1, 90,0,5,"power","james", 0.945555556,20.000000000,0.945555556,20
"995",0.15,6000, 900,0.15,0.1, 90,0,5,"power","james", 0.946666667,20.000000000,0.946666667,20
"996",0.16,6000, 900,0.15,0.1, 90,0,5,"power","james", 0.950000000,20.000000000,0.950000000,20
"997",0.17,6000, 900,0.15,0.1, 90,0,5,"power","james", 0.952222222,20.000000000,0.952222222,20
"998",0.18,6000, 900,0.15,0.1, 90,0,5,"power","james", 0.955000000,20.000000000,0.955000000,20
"999",0.19,6000, 900,0.15,0.1, 90,0,5,"power","james", 0.955555556,20.000000000,0.955555556,20
"1000",0.20,6000, 900,0.15,0.1, 90,0,5,"power","james", 0.956666667,20.000000000,0.956666667,20
"1001",0.01,5000,1250,0.25,0.1,125,0,5,"power","james", 0.039200000,20.000000000,0.039200000,20
"1002",0.02,5000,1250,0.25,0.1,125,0,5,"power","james", 0.401200000,20.000000000,0.401200000,20
"1003",0.03,5000,1250,0.25,0.1,125,0,5,"power","james", 0.579600000,20.000000000,0.579600000,20
"1004",0.04,5000,1250,0.25,0.1,125,0,5,"power","james", 0.717600000,20.000000000,0.717600000,20
"1005",0.05,5000,1250,0.25,0.1,125,0,5,"power","james", 0.756000000,20.000000000,0.756000000,20
"1006",0.06,5000,1250,0.25,0.1,125,0,5,"power","james", 0.798400000,20.000000000,0.798400000,20
"1007",0.07,5000,1250,0.25,0.1,125,0,5,"power","james", 0.820400000,20.000000000,0.820400000,20
"1008",0.08,5000,1250,0.25,0.1,125,0,5,"power","james", 0.837200000,20.000000000,0.837200000,20
"1009",0.09,5000,1250,0.25,0.1,125,0,5,"power","james", 0.854000000,20.000000000,0.854000000,20
"1010",0.10,5000,1250,0.25,0.1,125,0,5,"power","james", 0.866800000,20.000000000,0.866800000,20
"1011",0.11,5000,1250,0.25,0.1,125,0,5,"power","james", 0.876400000,20.000000000,0.876400000,20
"1012",0.12,5000,1250,0.25,0.1,125,0,5,"power","james", 0.886000000,20.000000000,0.886000000,20
"1013",0.13,5000,1250,0.25,0.1,125,0,5,"power","james", 0.893600000,20.000000000,0.893600000,20
"1014",0.14,5000,1250,0.25,0.1,125,0,5,"power","james", 0.899600000,20.000000000,0.899600000,20
"1015",0.15,5000,1250,0.25,0.1,125,0,5,"power","james", 0.902800000,20.000000000,0.902800000,20
"1016",0.16,5000,1250,0.25,0.1,125,0,5,"power","james", 0.905200000,20.000000000,0.905200000,20
"1017",0.17,5000,1250,0.25,0.1,125,0,5,"power","james", 0.908000000,20.000000000,0.908000000,20
"1018",0.18,5000,1250,0.25,0.1,125,0,5,"power","james", 0.909600000,20.000000000,0.909600000,20
"1019",0.19,5000,1250,0.25,0.1,125,0,5,"power","james", 0.911600000,20.000000000,0.911600000,20
"1020",0.20,5000,1250,0.25,0.1,125,0,5,"power","james", 0.914800000,20.000000000,0.914800000,20
"1281",0.01,5000, 750,0.15,0.1, 75,0,5,"fdr","k", 0.000000000,30.000000000,0.000000000,30
"1282",0.02,5000, 750,0.15,0.1, 75,0,5,"fdr","k", 0.009844277,30.000000000,0.009844277,30
"1283",0.03,5000, 750,0.15,0.1, 75,0,5,"fdr","k", 0.025102632,30.000000000,0.025102632,30
"1284",0.04,5000, 750,0.15,0.1, 75,0,5,"fdr","k", 0.037200250,30.000000000,0.037200250,30
"1285",0.05,5000, 750,0.15,0.1, 75,0,5,"fdr","k", 0.043181069,30.000000000,0.043181069,30
"1286",0.06,5000, 750,0.15,0.1, 75,0,5,"fdr","k", 0.053083624,30.000000000,0.053083624,30
"1287",0.07,5000, 750,0.15,0.1, 75,0,5,"fdr","k", 0.063171715,30.000000000,0.063171715,30
"1288",0.08,5000, 750,0.15,0.1, 75,0,5,"fdr","k", 0.070374792,30.000000000,0.070374792,30
"1289",0.09,5000, 750,0.15,0.1, 75,0,5,"fdr","k", 0.089987552,30.000000000,0.089987552,30
"1290",0.10,5000, 750,0.15,0.1, 75,0,5,"fdr","k", 0.097397650,30.000000000,0.097397650,30
"1291",0.11,5000, 750,0.15,0.1, 75,0,5,"fdr","k", 0.104578608,30.000000000,0.104578608,30
"1292",0.12,5000, 750,0.15,0.1, 75,0,5,"fdr","k", 0.117178687,30.000000000,0.117178687,30
"1293",0.13,5000, 750,0.15,0.1, 75,0,5,"fdr","k", 0.126145086,30.000000000,0.126145086,30
"1294",0.14,5000, 750,0.15,0.1, 75,0,5,"fdr","k", 0.142538553,30.000000000,0.142538553,30
"1295",0.15,5000, 750,0.15,0.1, 75,0,5,"fdr","k", 0.146521467,30.000000000,0.146521467,30
"1296",0.16,5000, 750,0.15,0.1, 75,0,5,"fdr","k", 0.156750077,30.000000000,0.156750077,30
"1297",0.17,5000, 750,0.15,0.1, 75,0,5,"fdr","k", 0.163650786,30.000000000,0.163650786,30
"1298",0.18,5000, 750,0.15,0.1, 75,0,5,"fdr","k", 0.174833606,30.000000000,0.174833606,30
"1299",0.19,5000, 750,0.15,0.1, 75,0,5,"fdr","k", 0.182950152,30.000000000,0.182950152,30
"1300",0.20,5000, 750,0.15,0.1, 75,0,5,"fdr","k", 0.194260399,30.000000000,0.194260399,30
"1301",0.01,6000, 900,0.15,0.1, 90,0,5,"fdr","k", 0.000000000,20.000000000,0.000000000,20
"1302",0.02,6000, 900,0.15,0.1, 90,0,5,"fdr","k", 0.014753443,20.000000000,0.014753443,20
"1303",0.03,6000, 900,0.15,0.1, 90,0,5,"fdr","k", 0.022352956,20.000000000,0.022352956,20
"1304",0.04,6000, 900,0.15,0.1, 90,0,5,"fdr","k", 0.026499754,20.000000000,0.026499754,20
"1305",0.05,6000, 900,0.15,0.1, 90,0,5,"fdr","k", 0.039903764,20.000000000,0.039903764,20
"1306",0.06,6000, 900,0.15,0.1, 90,0,5,"fdr","k", 0.048021400,20.000000000,0.048021400,20
"1307",0.07,6000, 900,0.15,0.1, 90,0,5,"fdr","k", 0.061137325,20.000000000,0.061137325,20
"1308",0.08,6000, 900,0.15,0.1, 90,0,5,"fdr","k", 0.070395040,20.000000000,0.070395040,20
"1309",0.09,6000, 900,0.15,0.1, 90,0,5,"fdr","k", 0.077753342,20.000000000,0.077753342,20
"1310",0.10,6000, 900,0.15,0.1, 90,0,5,"fdr","k", 0.084938394,20.000000000,0.084938394,20
"1311",0.11,6000, 900,0.15,0.1, 90,0,5,"fdr","k", 0.098116448,20.000000000,0.098116448,20
"1312",0.12,6000, 900,0.15,0.1, 90,0,5,"fdr","k", 0.110522497,20.000000000,0.110522497,20
"1313",0.13,6000, 900,0.15,0.1, 90,0,5,"fdr","k", 0.121247655,20.000000000,0.121247655,20
"1314",0.14,6000, 900,0.15,0.1, 90,0,5,"fdr","k", 0.127527735,20.000000000,0.127527735,20
"1315",0.15,6000, 900,0.15,0.1, 90,0,5,"fdr","k", 0.136015231,20.000000000,0.136015231,20
"1316",0.16,6000, 900,0.15,0.1, 90,0,5,"fdr","k", 0.146294751,20.000000000,0.146294751,20
"1317",0.17,6000, 900,0.15,0.1, 90,0,5,"fdr","k", 0.156280598,20.000000000,0.156280598,20
"1318",0.18,6000, 900,0.15,0.1, 90,0,5,"fdr","k", 0.162436698,20.000000000,0.162436698,20
"1319",0.19,6000, 900,0.15,0.1, 90,0,5,"fdr","k", 0.173738869,20.000000000,0.173738869,20
"1320",0.20,6000, 900,0.15,0.1, 90,0,5,"fdr","k", 0.183392553,20.000000000,0.183392553,20
"1321",0.01,5000,1250,0.25,0.1,125,0,5,"fdr","k", 0.008213333,20.000000000,0.008213333,20
"1322",0.02,5000,1250,0.25,0.1,125,0,5,"fdr","k", 0.017524672,20.000000000,0.017524672,20
"1323",0.03,5000,1250,0.25,0.1,125,0,5,"fdr","k", 0.028723964,20.000000000,0.028723964,20
"1324",0.04,5000,1250,0.25,0.1,125,0,5,"fdr","k", 0.044605718,20.000000000,0.044605718,20
"1325",0.05,5000,1250,0.25,0.1,125,0,5,"fdr","k", 0.058139871,20.000000000,0.058139871,20
"1326",0.06,5000,1250,0.25,0.1,125,0,5,"fdr","k", 0.066161439,20.000000000,0.066161439,20
"1327",0.07,5000,1250,0.25,0.1,125,0,5,"fdr","k", 0.076552801,20.000000000,0.076552801,20
"1328",0.08,5000,1250,0.25,0.1,125,0,5,"fdr","k", 0.088518099,20.000000000,0.088518099,20
"1329",0.09,5000,1250,0.25,0.1,125,0,5,"fdr","k", 0.096723539,20.000000000,0.096723539,20
"1330",0.10,5000,1250,0.25,0.1,125,0,5,"fdr","k", 0.106931755,20.000000000,0.106931755,20
"1331",0.11,5000,1250,0.25,0.1,125,0,5,"fdr","k", 0.121538113,20.000000000,0.121538113,20
"1332",0.12,5000,1250,0.25,0.1,125,0,5,"fdr","k", 0.131196135,20.000000000,0.131196135,20
"1333",0.13,5000,1250,0.25,0.1,125,0,5,"fdr","k", 0.144398787,20.000000000,0.144398787,20
"1334",0.14,5000,1250,0.25,0.1,125,0,5,"fdr","k", 0.156455607,20.000000000,0.156455607,20
"1335",0.15,5000,1250,0.25,0.1,125,0,5,"fdr","k", 0.161879301,20.000000000,0.161879301,20
"1336",0.16,5000,1250,0.25,0.1,125,0,5,"fdr","k", 0.172349416,20.000000000,0.172349416,20
"1337",0.17,5000,1250,0.25,0.1,125,0,5,"fdr","k", 0.182843975,20.000000000,0.182843975,20
"1338",0.18,5000,1250,0.25,0.1,125,0,5,"fdr","k", 0.193981185,20.000000000,0.193981185,20
"1339",0.19,5000,1250,0.25,0.1,125,0,5,"fdr","k", 0.202284160,20.000000000,0.202284160,20
"1340",0.20,5000,1250,0.25,0.1,125,0,5,"fdr","k", 0.211967987,20.000000000,0.211967987,20
"1601",0.01,5000, 750,0.15,0.1, 75,0,5,"power","k", 0.000000000,30.000000000,0.000000000,30
"1602",0.02,5000, 750,0.15,0.1, 75,0,5,"power","k", 0.900000000,30.000000000,0.900000000,30
"1603",0.03,5000, 750,0.15,0.1, 75,0,5,"power","k", 0.947555556,30.000000000,0.947555556,30
"1604",0.04,5000, 750,0.15,0.1, 75,0,5,"power","k", 0.956000000,30.000000000,0.956000000,30
"1605",0.05,5000, 750,0.15,0.1, 75,0,5,"power","k", 0.967111111,30.000000000,0.967111111,30
"1606",0.06,5000, 750,0.15,0.1, 75,0,5,"power","k", 0.974666667,30.000000000,0.974666667,30
"1607",0.07,5000, 750,0.15,0.1, 75,0,5,"power","k", 0.980000000,30.000000000,0.980000000,30
"1608",0.08,5000, 750,0.15,0.1, 75,0,5,"power","k", 0.982666667,30.000000000,0.982666667,30
"1609",0.09,5000, 750,0.15,0.1, 75,0,5,"power","k", 0.987555556,30.000000000,0.987555556,30
"1610",0.10,5000, 750,0.15,0.1, 75,0,5,"power","k", 0.988888889,30.000000000,0.988888889,30
"1611",0.11,5000, 750,0.15,0.1, 75,0,5,"power","k", 0.991111111,30.000000000,0.991111111,30
"1612",0.12,5000, 750,0.15,0.1, 75,0,5,"power","k", 0.992444444,30.000000000,0.992444444,30
"1613",0.13,5000, 750,0.15,0.1, 75,0,5,"power","k", 0.992444444,30.000000000,0.992444444,30
"1614",0.14,5000, 750,0.15,0.1, 75,0,5,"power","k", 0.994222222,30.000000000,0.994222222,30
"1615",0.15,5000, 750,0.15,0.1, 75,0,5,"power","k", 0.994222222,30.000000000,0.994222222,30
"1616",0.16,5000, 750,0.15,0.1, 75,0,5,"power","k", 0.994666667,30.000000000,0.994666667,30
"1617",0.17,5000, 750,0.15,0.1, 75,0,5,"power","k", 0.995111111,30.000000000,0.995111111,30
"1618",0.18,5000, 750,0.15,0.1, 75,0,5,"power","k", 0.996000000,30.000000000,0.996000000,30
"1619",0.19,5000, 750,0.15,0.1, 75,0,5,"power","k", 0.996000000,30.000000000,0.996000000,30
"1620",0.20,5000, 750,0.15,0.1, 75,0,5,"power","k", 0.996444444,30.000000000,0.996444444,30
"1621",0.01,6000, 900,0.15,0.1, 90,0,5,"power","k", 0.000000000,20.000000000,0.000000000,20
"1622",0.02,6000, 900,0.15,0.1, 90,0,5,"power","k", 0.906111111,20.000000000,0.906111111,20
"1623",0.03,6000, 900,0.15,0.1, 90,0,5,"power","k", 0.942222222,20.000000000,0.942222222,20
"1624",0.04,6000, 900,0.15,0.1, 90,0,5,"power","k", 0.956111111,20.000000000,0.956111111,20
"1625",0.05,6000, 900,0.15,0.1, 90,0,5,"power","k", 0.963888889,20.000000000,0.963888889,20
"1626",0.06,6000, 900,0.15,0.1, 90,0,5,"power","k", 0.968333333,20.000000000,0.968333333,20
"1627",0.07,6000, 900,0.15,0.1, 90,0,5,"power","k", 0.975555556,20.000000000,0.975555556,20
"1628",0.08,6000, 900,0.15,0.1, 90,0,5,"power","k", 0.976666667,20.000000000,0.976666667,20
"1629",0.09,6000, 900,0.15,0.1, 90,0,5,"power","k", 0.980000000,20.000000000,0.980000000,20
"1630",0.10,6000, 900,0.15,0.1, 90,0,5,"power","k", 0.982777778,20.000000000,0.982777778,20
"1631",0.11,6000, 900,0.15,0.1, 90,0,5,"power","k", 0.986666667,20.000000000,0.986666667,20
"1632",0.12,6000, 900,0.15,0.1, 90,0,5,"power","k", 0.987222222,20.000000000,0.987222222,20
"1633",0.13,6000, 900,0.15,0.1, 90,0,5,"power","k", 0.988888889,20.000000000,0.988888889,20
"1634",0.14,6000, 900,0.15,0.1, 90,0,5,"power","k", 0.988888889,20.000000000,0.988888889,20
"1635",0.15,6000, 900,0.15,0.1, 90,0,5,"power","k", 0.990000000,20.000000000,0.990000000,20
"1636",0.16,6000, 900,0.15,0.1, 90,0,5,"power","k", 0.990000000,20.000000000,0.990000000,20
"1637",0.17,6000, 900,0.15,0.1, 90,0,5,"power","k", 0.990555556,20.000000000,0.990555556,20
"1638",0.18,6000, 900,0.15,0.1, 90,0,5,"power","k", 0.991111111,20.000000000,0.991111111,20
"1639",0.19,6000, 900,0.15,0.1, 90,0,5,"power","k", 0.992222222,20.000000000,0.992222222,20
"1640",0.20,6000, 900,0.15,0.1, 90,0,5,"power","k", 0.992777778,20.000000000,0.992777778,20
"1641",0.01,5000,1250,0.25,0.1,125,0,5,"power","k", 0.880800000,20.000000000,0.880800000,20
"1642",0.02,5000,1250,0.25,0.1,125,0,5,"power","k", 0.924400000,20.000000000,0.924400000,20
"1643",0.03,5000,1250,0.25,0.1,125,0,5,"power","k", 0.942400000,20.000000000,0.942400000,20
"1644",0.04,5000,1250,0.25,0.1,125,0,5,"power","k", 0.958000000,20.000000000,0.958000000,20
"1645",0.05,5000,1250,0.25,0.1,125,0,5,"power","k", 0.965600000,20.000000000,0.965600000,20
"1646",0.06,5000,1250,0.25,0.1,125,0,5,"power","k", 0.969600000,20.000000000,0.969600000,20
"1647",0.07,5000,1250,0.25,0.1,125,0,5,"power","k", 0.972400000,20.000000000,0.972400000,20
"1648",0.08,5000,1250,0.25,0.1,125,0,5,"power","k", 0.978000000,20.000000000,0.978000000,20
"1649",0.09,5000,1250,0.25,0.1,125,0,5,"power","k", 0.981200000,20.000000000,0.981200000,20
"1650",0.10,5000,1250,0.25,0.1,125,0,5,"power","k", 0.983200000,20.000000000,0.983200000,20
"1651",0.11,5000,1250,0.25,0.1,125,0,5,"power","k", 0.984000000,20.000000000,0.984000000,20
"1652",0.12,5000,1250,0.25,0.1,125,0,5,"power","k", 0.985200000,20.000000000,0.985200000,20
"1653",0.13,5000,1250,0.25,0.1,125,0,5,"power","k", 0.987200000,20.000000000,0.987200000,20
"1654",0.14,5000,1250,0.25,0.1,125,0,5,"power","k", 0.988000000,20.000000000,0.988000000,20
"1655",0.15,5000,1250,0.25,0.1,125,0,5,"power","k", 0.988400000,20.000000000,0.988400000,20
"1656",0.16,5000,1250,0.25,0.1,125,0,5,"power","k", 0.989600000,20.000000000,0.989600000,20
"1657",0.17,5000,1250,0.25,0.1,125,0,5,"power","k", 0.990400000,20.000000000,0.990400000,20
"1658",0.18,5000,1250,0.25,0.1,125,0,5,"power","k", 0.990800000,20.000000000,0.990800000,20
"1659",0.19,5000,1250,0.25,0.1,125,0,5,"power","k", 0.990800000,20.000000000,0.990800000,20
"1660",0.20,5000,1250,0.25,0.1,125,0,5,"power","k", 0.990800000,20.000000000,0.990800000,20
"1921",0.01,5000, 750,0.15,0.1, 75,0,5,"fdr","kadapt", 0.000000000,30.000000000,0.000000000,30
"1922",0.02,5000, 750,0.15,0.1, 75,0,5,"fdr","kadapt", 0.006370098,30.000000000,0.006370098,30
"1923",0.03,5000, 750,0.15,0.1, 75,0,5,"fdr","kadapt", 0.009556254,30.000000000,0.009556254,30
"1924",0.04,5000, 750,0.15,0.1, 75,0,5,"fdr","kadapt", 0.011712153,30.000000000,0.011712153,30
"1925",0.05,5000, 750,0.15,0.1, 75,0,5,"fdr","kadapt", 0.020754869,30.000000000,0.020754869,30
"1926",0.06,5000, 750,0.15,0.1, 75,0,5,"fdr","kadapt", 0.031409617,30.000000000,0.031409617,30
"1927",0.07,5000, 750,0.15,0.1, 75,0,5,"fdr","kadapt", 0.041812827,30.000000000,0.041812827,30
"1928",0.08,5000, 750,0.15,0.1, 75,0,5,"fdr","kadapt", 0.055013044,30.000000000,0.055013044,30
"1929",0.09,5000, 750,0.15,0.1, 75,0,5,"fdr","kadapt", 0.070346560,30.000000000,0.070346560,30
"1930",0.10,5000, 750,0.15,0.1, 75,0,5,"fdr","kadapt", 0.081604850,30.000000000,0.081604850,30
"1931",0.11,5000, 750,0.15,0.1, 75,0,5,"fdr","kadapt", 0.091417279,30.000000000,0.091417279,30
"1932",0.12,5000, 750,0.15,0.1, 75,0,5,"fdr","kadapt", 0.101645117,30.000000000,0.101645117,30
"1933",0.13,5000, 750,0.15,0.1, 75,0,5,"fdr","kadapt", 0.111705371,30.000000000,0.111705371,30
"1934",0.14,5000, 750,0.15,0.1, 75,0,5,"fdr","kadapt", 0.120773686,30.000000000,0.120773686,30
"1935",0.15,5000, 750,0.15,0.1, 75,0,5,"fdr","kadapt", 0.131554319,30.000000000,0.131554319,30
"1936",0.16,5000, 750,0.15,0.1, 75,0,5,"fdr","kadapt", 0.137367320,30.000000000,0.137367320,30
"1937",0.17,5000, 750,0.15,0.1, 75,0,5,"fdr","kadapt", 0.145957277,30.000000000,0.145957277,30
"1938",0.18,5000, 750,0.15,0.1, 75,0,5,"fdr","kadapt", 0.150960395,30.000000000,0.150960395,30
"1939",0.19,5000, 750,0.15,0.1, 75,0,5,"fdr","kadapt", 0.161472510,30.000000000,0.161472510,30
"1940",0.20,5000, 750,0.15,0.1, 75,0,5,"fdr","kadapt", 0.178736568,30.000000000,0.178736568,30
"1941",0.01,6000, 900,0.15,0.1, 90,0,5,"fdr","kadapt", 0.000000000,20.000000000,0.000000000,20
"1942",0.02,6000, 900,0.15,0.1, 90,0,5,"fdr","kadapt", 0.002200332,20.000000000,0.002200332,20
"1943",0.03,6000, 900,0.15,0.1, 90,0,5,"fdr","kadapt", 0.002791618,20.000000000,0.002791618,20
"1944",0.04,6000, 900,0.15,0.1, 90,0,5,"fdr","kadapt", 0.002716926,20.000000000,0.002716926,20
"1945",0.05,6000, 900,0.15,0.1, 90,0,5,"fdr","kadapt", 0.007776403,20.000000000,0.007776403,20
"1946",0.06,6000, 900,0.15,0.1, 90,0,5,"fdr","kadapt", 0.012592022,20.000000000,0.012592022,20
"1947",0.07,6000, 900,0.15,0.1, 90,0,5,"fdr","kadapt", 0.022415815,20.000000000,0.022415815,20
"1948",0.08,6000, 900,0.15,0.1, 90,0,5,"fdr","kadapt", 0.034224966,20.000000000,0.034224966,20
"1949",0.09,6000, 900,0.15,0.1, 90,0,5,"fdr","kadapt", 0.042810474,20.000000000,0.042810474,20
"1950",0.10,6000, 900,0.15,0.1, 90,0,5,"fdr","kadapt", 0.051772378,20.000000000,0.051772378,20
"1951",0.11,6000, 900,0.15,0.1, 90,0,5,"fdr","kadapt", 0.062260865,20.000000000,0.062260865,20
"1952",0.12,6000, 900,0.15,0.1, 90,0,5,"fdr","kadapt", 0.073293000,20.000000000,0.073293000,20
"1953",0.13,6000, 900,0.15,0.1, 90,0,5,"fdr","kadapt", 0.088220851,20.000000000,0.088220851,20
"1954",0.14,6000, 900,0.15,0.1, 90,0,5,"fdr","kadapt", 0.098741275,20.000000000,0.098741275,20
"1955",0.15,6000, 900,0.15,0.1, 90,0,5,"fdr","kadapt", 0.109683027,20.000000000,0.109683027,20
"1956",0.16,6000, 900,0.15,0.1, 90,0,5,"fdr","kadapt", 0.116914301,20.000000000,0.116914301,20
"1957",0.17,6000, 900,0.15,0.1, 90,0,5,"fdr","kadapt", 0.121164776,20.000000000,0.121164776,20
"1958",0.18,6000, 900,0.15,0.1, 90,0,5,"fdr","kadapt", 0.136007043,20.000000000,0.136007043,20
"1959",0.19,6000, 900,0.15,0.1, 90,0,5,"fdr","kadapt", 0.146340971,20.000000000,0.146340971,20
"1960",0.20,6000, 900,0.15,0.1, 90,0,5,"fdr","kadapt", 0.158567985,20.000000000,0.158567985,20
"1961",0.01,5000,1250,0.25,0.1,125,0,5,"fdr","kadapt", 0.000000000,20.000000000,0.000000000,20
"1962",0.02,5000,1250,0.25,0.1,125,0,5,"fdr","kadapt", 0.005888437,20.000000000,0.005888437,20
"1963",0.03,5000,1250,0.25,0.1,125,0,5,"fdr","kadapt", 0.009926217,20.000000000,0.009926217,20
"1964",0.04,5000,1250,0.25,0.1,125,0,5,"fdr","kadapt", 0.016134562,20.000000000,0.016134562,20
"1965",0.05,5000,1250,0.25,0.1,125,0,5,"fdr","kadapt", 0.030853201,20.000000000,0.030853201,20
"1966",0.06,5000,1250,0.25,0.1,125,0,5,"fdr","kadapt", 0.042094853,20.000000000,0.042094853,20
"1967",0.07,5000,1250,0.25,0.1,125,0,5,"fdr","kadapt", 0.053198554,20.000000000,0.053198554,20
"1968",0.08,5000,1250,0.25,0.1,125,0,5,"fdr","kadapt", 0.067919421,20.000000000,0.067919421,20
"1969",0.09,5000,1250,0.25,0.1,125,0,5,"fdr","kadapt", 0.080378701,20.000000000,0.080378701,20
"1970",0.10,5000,1250,0.25,0.1,125,0,5,"fdr","kadapt", 0.091174155,20.000000000,0.091174155,20
"1971",0.11,5000,1250,0.25,0.1,125,0,5,"fdr","kadapt", 0.100179858,20.000000000,0.100179858,20
"1972",0.12,5000,1250,0.25,0.1,125,0,5,"fdr","kadapt", 0.110110226,20.000000000,0.110110226,20
"1973",0.13,5000,1250,0.25,0.1,125,0,5,"fdr","kadapt", 0.117617066,20.000000000,0.117617066,20
"1974",0.14,5000,1250,0.25,0.1,125,0,5,"fdr","kadapt", 0.127802311,20.000000000,0.127802311,20
"1975",0.15,5000,1250,0.25,0.1,125,0,5,"fdr","kadapt", 0.139648163,20.000000000,0.139648163,20
"1976",0.16,5000,1250,0.25,0.1,125,0,5,"fdr","kadapt", 0.147916366,20.000000000,0.147916366,20
"1977",0.17,5000,1250,0.25,0.1,125,0,5,"fdr","kadapt", 0.158520924,20.000000000,0.158520924,20
"1978",0.18,5000,1250,0.25,0.1,125,0,5,"fdr","kadapt", 0.171053206,20.000000000,0.171053206,20
"1979",0.19,5000,1250,0.25,0.1,125,0,5,"fdr","kadapt", 0.179523760,20.000000000,0.179523760,20
"1980",0.20,5000,1250,0.25,0.1,125,0,5,"fdr","kadapt", 0.187763357,20.000000000,0.187763357,20
"2241",0.01,5000, 750,0.15,0.1, 75,0,5,"power","kadapt", 0.000000000,30.000000000,0.000000000,30
"2242",0.02,5000, 750,0.15,0.1, 75,0,5,"power","kadapt", 0.746666667,30.000000000,0.746666667,30
"2243",0.03,5000, 750,0.15,0.1, 75,0,5,"power","kadapt", 0.779111111,30.000000000,0.779111111,30
"2244",0.04,5000, 750,0.15,0.1, 75,0,5,"power","kadapt", 0.804888889,30.000000000,0.804888889,30
"2245",0.05,5000, 750,0.15,0.1, 75,0,5,"power","kadapt", 0.862666667,30.000000000,0.862666667,30
"2246",0.06,5000, 750,0.15,0.1, 75,0,5,"power","kadapt", 0.900888889,30.000000000,0.900888889,30
"2247",0.07,5000, 750,0.15,0.1, 75,0,5,"power","kadapt", 0.932000000,30.000000000,0.932000000,30
"2248",0.08,5000, 750,0.15,0.1, 75,0,5,"power","kadapt", 0.944000000,30.000000000,0.944000000,30
"2249",0.09,5000, 750,0.15,0.1, 75,0,5,"power","kadapt", 0.952000000,30.000000000,0.952000000,30
"2250",0.10,5000, 750,0.15,0.1, 75,0,5,"power","kadapt", 0.959111111,30.000000000,0.959111111,30
"2251",0.11,5000, 750,0.15,0.1, 75,0,5,"power","kadapt", 0.962222222,30.000000000,0.962222222,30
"2252",0.12,5000, 750,0.15,0.1, 75,0,5,"power","kadapt", 0.965777778,30.000000000,0.965777778,30
"2253",0.13,5000, 750,0.15,0.1, 75,0,5,"power","kadapt", 0.972444444,30.000000000,0.972444444,30
"2254",0.14,5000, 750,0.15,0.1, 75,0,5,"power","kadapt", 0.977777778,30.000000000,0.977777778,30
"2255",0.15,5000, 750,0.15,0.1, 75,0,5,"power","kadapt", 0.978666667,30.000000000,0.978666667,30
"2256",0.16,5000, 750,0.15,0.1, 75,0,5,"power","kadapt", 0.980888889,30.000000000,0.980888889,30
"2257",0.17,5000, 750,0.15,0.1, 75,0,5,"power","kadapt", 0.982666667,30.000000000,0.982666667,30
"2258",0.18,5000, 750,0.15,0.1, 75,0,5,"power","kadapt", 0.984444444,30.000000000,0.984444444,30
"2259",0.19,5000, 750,0.15,0.1, 75,0,5,"power","kadapt", 0.985777778,30.000000000,0.985777778,30
"2260",0.20,5000, 750,0.15,0.1, 75,0,5,"power","kadapt", 0.987555556,30.000000000,0.987555556,30
"2261",0.01,6000, 900,0.15,0.1, 90,0,5,"power","kadapt", 0.000000000,20.000000000,0.000000000,20
"2262",0.02,6000, 900,0.15,0.1, 90,0,5,"power","kadapt", 0.743333333,20.000000000,0.743333333,20
"2263",0.03,6000, 900,0.15,0.1, 90,0,5,"power","kadapt", 0.758888889,20.000000000,0.758888889,20
"2264",0.04,6000, 900,0.15,0.1, 90,0,5,"power","kadapt", 0.777777778,20.000000000,0.777777778,20
"2265",0.05,6000, 900,0.15,0.1, 90,0,5,"power","kadapt", 0.835555556,20.000000000,0.835555556,20
"2266",0.06,6000, 900,0.15,0.1, 90,0,5,"power","kadapt", 0.867777778,20.000000000,0.867777778,20
"2267",0.07,6000, 900,0.15,0.1, 90,0,5,"power","kadapt", 0.907777778,20.000000000,0.907777778,20
"2268",0.08,6000, 900,0.15,0.1, 90,0,5,"power","kadapt", 0.923333333,20.000000000,0.923333333,20
"2269",0.09,6000, 900,0.15,0.1, 90,0,5,"power","kadapt", 0.934444444,20.000000000,0.934444444,20
"2270",0.10,6000, 900,0.15,0.1, 90,0,5,"power","kadapt", 0.945000000,20.000000000,0.945000000,20
"2271",0.11,6000, 900,0.15,0.1, 90,0,5,"power","kadapt", 0.953333333,20.000000000,0.953333333,20
"2272",0.12,6000, 900,0.15,0.1, 90,0,5,"power","kadapt", 0.960555556,20.000000000,0.960555556,20
"2273",0.13,6000, 900,0.15,0.1, 90,0,5,"power","kadapt", 0.966111111,20.000000000,0.966111111,20
"2274",0.14,6000, 900,0.15,0.1, 90,0,5,"power","kadapt", 0.970000000,20.000000000,0.970000000,20
"2275",0.15,6000, 900,0.15,0.1, 90,0,5,"power","kadapt", 0.971111111,20.000000000,0.971111111,20
"2276",0.16,6000, 900,0.15,0.1, 90,0,5,"power","kadapt", 0.974444444,20.000000000,0.974444444,20
"2277",0.17,6000, 900,0.15,0.1, 90,0,5,"power","kadapt", 0.975000000,20.000000000,0.975000000,20
"2278",0.18,6000, 900,0.15,0.1, 90,0,5,"power","kadapt", 0.977777778,20.000000000,0.977777778,20
"2279",0.19,6000, 900,0.15,0.1, 90,0,5,"power","kadapt", 0.978888889,20.000000000,0.978888889,20
"2280",0.20,6000, 900,0.15,0.1, 90,0,5,"power","kadapt", 0.980555556,20.000000000,0.980555556,20
"2281",0.01,5000,1250,0.25,0.1,125,0,5,"power","kadapt", 0.000000000,20.000000000,0.000000000,20
"2282",0.02,5000,1250,0.25,0.1,125,0,5,"power","kadapt", 0.697200000,20.000000000,0.697200000,20
"2283",0.03,5000,1250,0.25,0.1,125,0,5,"power","kadapt", 0.779200000,20.000000000,0.779200000,20
"2284",0.04,5000,1250,0.25,0.1,125,0,5,"power","kadapt", 0.819200000,20.000000000,0.819200000,20
"2285",0.05,5000,1250,0.25,0.1,125,0,5,"power","kadapt", 0.866400000,20.000000000,0.866400000,20
"2286",0.06,5000,1250,0.25,0.1,125,0,5,"power","kadapt", 0.884400000,20.000000000,0.884400000,20
"2287",0.07,5000,1250,0.25,0.1,125,0,5,"power","kadapt", 0.903600000,20.000000000,0.903600000,20
"2288",0.08,5000,1250,0.25,0.1,125,0,5,"power","kadapt", 0.925200000,20.000000000,0.925200000,20
"2289",0.09,5000,1250,0.25,0.1,125,0,5,"power","kadapt", 0.932400000,20.000000000,0.932400000,20
"2290",0.10,5000,1250,0.25,0.1,125,0,5,"power","kadapt", 0.938400000,20.000000000,0.938400000,20
"2291",0.11,5000,1250,0.25,0.1,125,0,5,"power","kadapt", 0.952800000,20.000000000,0.952800000,20
"2292",0.12,5000,1250,0.25,0.1,125,0,5,"power","kadapt", 0.956000000,20.000000000,0.956000000,20
"2293",0.13,5000,1250,0.25,0.1,125,0,5,"power","kadapt", 0.961600000,20.000000000,0.961600000,20
"2294",0.14,5000,1250,0.25,0.1,125,0,5,"power","kadapt", 0.966000000,20.000000000,0.966000000,20
"2295",0.15,5000,1250,0.25,0.1,125,0,5,"power","kadapt", 0.967600000,20.000000000,0.967600000,20
"2296",0.16,5000,1250,0.25,0.1,125,0,5,"power","kadapt", 0.969600000,20.000000000,0.969600000,20
"2297",0.17,5000,1250,0.25,0.1,125,0,5,"power","kadapt", 0.972400000,20.000000000,0.972400000,20
"2298",0.18,5000,1250,0.25,0.1,125,0,5,"power","kadapt", 0.974800000,20.000000000,0.974800000,20
"2299",0.19,5000,1250,0.25,0.1,125,0,5,"power","kadapt", 0.976800000,20.000000000,0.976800000,20
"2300",0.20,5000,1250,0.25,0.1,125,0,5,"power","kadapt", 0.978400000,20.000000000,0.978400000,20
"2561",0.01,5000, 750,0.15,0.1, 75,0,5,"fdr","sounak", 0.000000000,30.000000000,0.000000000,30
"2562",0.02,5000, 750,0.15,0.1, 75,0,5,"fdr","sounak", 0.010011738,30.000000000,0.010011738,30
"2563",0.03,5000, 750,0.15,0.1, 75,0,5,"fdr","sounak", 0.012973029,30.000000000,0.012973029,30
"2564",0.04,5000, 750,0.15,0.1, 75,0,5,"fdr","sounak", 0.021522396,30.000000000,0.021522396,30
"2565",0.05,5000, 750,0.15,0.1, 75,0,5,"fdr","sounak", 0.040311971,30.000000000,0.040311971,30
"2566",0.06,5000, 750,0.15,0.1, 75,0,5,"fdr","sounak", 0.050509234,30.000000000,0.050509234,30
"2567",0.07,5000, 750,0.15,0.1, 75,0,5,"fdr","sounak", 0.061679132,30.000000000,0.061679132,30
"2568",0.08,5000, 750,0.15,0.1, 75,0,5,"fdr","sounak", 0.076430064,30.000000000,0.076430064,30
"2569",0.09,5000, 750,0.15,0.1, 75,0,5,"fdr","sounak", 0.087421899,30.000000000,0.087421899,30
"2570",0.10,5000, 750,0.15,0.1, 75,0,5,"fdr","sounak", 0.100043502,30.000000000,0.100043502,30
"2571",0.11,5000, 750,0.15,0.1, 75,0,5,"fdr","sounak", 0.113079635,30.000000000,0.113079635,30
"2572",0.12,5000, 750,0.15,0.1, 75,0,5,"fdr","sounak", 0.123529296,30.000000000,0.123529296,30
"2573",0.13,5000, 750,0.15,0.1, 75,0,5,"fdr","sounak", 0.132746494,30.000000000,0.132746494,30
"2574",0.14,5000, 750,0.15,0.1, 75,0,5,"fdr","sounak", 0.144306861,30.000000000,0.144306861,30
"2575",0.15,5000, 750,0.15,0.1, 75,0,5,"fdr","sounak", 0.152663771,30.000000000,0.152663771,30
"2576",0.16,5000, 750,0.15,0.1, 75,0,5,"fdr","sounak", 0.160992734,30.000000000,0.160992734,30
"2577",0.17,5000, 750,0.15,0.1, 75,0,5,"fdr","sounak", 0.168631074,30.000000000,0.168631074,30
"2578",0.18,5000, 750,0.15,0.1, 75,0,5,"fdr","sounak", 0.177341537,30.000000000,0.177341537,30
"2579",0.19,5000, 750,0.15,0.1, 75,0,5,"fdr","sounak", 0.189144598,30.000000000,0.189144598,30
"2580",0.20,5000, 750,0.15,0.1, 75,0,5,"fdr","sounak", 0.198593876,30.000000000,0.198593876,30
"2581",0.01,6000, 900,0.15,0.1, 90,0,5,"fdr","sounak", 0.000000000,20.000000000,0.000000000,20
"2582",0.02,6000, 900,0.15,0.1, 90,0,5,"fdr","sounak", 0.003810068,20.000000000,0.003810068,20
"2583",0.03,6000, 900,0.15,0.1, 90,0,5,"fdr","sounak", 0.016684830,20.000000000,0.016684830,20
"2584",0.04,6000, 900,0.15,0.1, 90,0,5,"fdr","sounak", 0.024812104,20.000000000,0.024812104,20
"2585",0.05,6000, 900,0.15,0.1, 90,0,5,"fdr","sounak", 0.036340731,20.000000000,0.036340731,20
"2586",0.06,6000, 900,0.15,0.1, 90,0,5,"fdr","sounak", 0.044199129,20.000000000,0.044199129,20
"2587",0.07,6000, 900,0.15,0.1, 90,0,5,"fdr","sounak", 0.054647484,20.000000000,0.054647484,20
"2588",0.08,6000, 900,0.15,0.1, 90,0,5,"fdr","sounak", 0.067650733,20.000000000,0.067650733,20
"2589",0.09,6000, 900,0.15,0.1, 90,0,5,"fdr","sounak", 0.072701097,20.000000000,0.072701097,20
"2590",0.10,6000, 900,0.15,0.1, 90,0,5,"fdr","sounak", 0.078674145,20.000000000,0.078674145,20
"2591",0.11,6000, 900,0.15,0.1, 90,0,5,"fdr","sounak", 0.090885588,20.000000000,0.090885588,20
"2592",0.12,6000, 900,0.15,0.1, 90,0,5,"fdr","sounak", 0.095150842,20.000000000,0.095150842,20
"2593",0.13,6000, 900,0.15,0.1, 90,0,5,"fdr","sounak", 0.100323854,20.000000000,0.100323854,20
"2594",0.14,6000, 900,0.15,0.1, 90,0,5,"fdr","sounak", 0.114497167,20.000000000,0.114497167,20
"2595",0.15,6000, 900,0.15,0.1, 90,0,5,"fdr","sounak", 0.123487812,20.000000000,0.123487812,20
"2596",0.16,6000, 900,0.15,0.1, 90,0,5,"fdr","sounak", 0.141013044,20.000000000,0.141013044,20
"2597",0.17,6000, 900,0.15,0.1, 90,0,5,"fdr","sounak", 0.148709863,20.000000000,0.148709863,20
"2598",0.18,6000, 900,0.15,0.1, 90,0,5,"fdr","sounak", 0.156350381,20.000000000,0.156350381,20
"2599",0.19,6000, 900,0.15,0.1, 90,0,5,"fdr","sounak", 0.166612414,20.000000000,0.166612414,20
"2600",0.20,6000, 900,0.15,0.1, 90,0,5,"fdr","sounak", 0.185428914,20.000000000,0.185428914,20
"2601",0.01,5000,1250,0.25,0.1,125,0,5,"fdr","sounak", 0.000000000,20.000000000,0.000000000,20
"2602",0.02,5000,1250,0.25,0.1,125,0,5,"fdr","sounak", 0.014737486,20.000000000,0.014737486,20
"2603",0.03,5000,1250,0.25,0.1,125,0,5,"fdr","sounak", 0.018384030,20.000000000,0.018384030,20
"2604",0.04,5000,1250,0.25,0.1,125,0,5,"fdr","sounak", 0.033170803,20.000000000,0.033170803,20
"2605",0.05,5000,1250,0.25,0.1,125,0,5,"fdr","sounak", 0.042853321,20.000000000,0.042853321,20
"2606",0.06,5000,1250,0.25,0.1,125,0,5,"fdr","sounak", 0.050125271,20.000000000,0.050125271,20
"2607",0.07,5000,1250,0.25,0.1,125,0,5,"fdr","sounak", 0.059030554,20.000000000,0.059030554,20
"2608",0.08,5000,1250,0.25,0.1,125,0,5,"fdr","sounak", 0.070927921,20.000000000,0.070927921,20
"2609",0.09,5000,1250,0.25,0.1,125,0,5,"fdr","sounak", 0.085731458,20.000000000,0.085731458,20
"2610",0.10,5000,1250,0.25,0.1,125,0,5,"fdr","sounak", 0.097813848,20.000000000,0.097813848,20
"2611",0.11,5000,1250,0.25,0.1,125,0,5,"fdr","sounak", 0.102194336,20.000000000,0.102194336,20
"2612",0.12,5000,1250,0.25,0.1,125,0,5,"fdr","sounak", 0.110901325,20.000000000,0.110901325,20
"2613",0.13,5000,1250,0.25,0.1,125,0,5,"fdr","sounak", 0.122304793,20.000000000,0.122304793,20
"2614",0.14,5000,1250,0.25,0.1,125,0,5,"fdr","sounak", 0.132643739,20.000000000,0.132643739,20
"2615",0.15,5000,1250,0.25,0.1,125,0,5,"fdr","sounak", 0.142258721,20.000000000,0.142258721,20
"2616",0.16,5000,1250,0.25,0.1,125,0,5,"fdr","sounak", 0.151669019,20.000000000,0.151669019,20
"2617",0.17,5000,1250,0.25,0.1,125,0,5,"fdr","sounak", 0.164694345,20.000000000,0.164694345,20
"2618",0.18,5000,1250,0.25,0.1,125,0,5,"fdr","sounak", 0.173235547,20.000000000,0.173235547,20
"2619",0.19,5000,1250,0.25,0.1,125,0,5,"fdr","sounak", 0.185180036,20.000000000,0.185180036,20
"2620",0.20,5000,1250,0.25,0.1,125,0,5,"fdr","sounak", 0.195804861,20.000000000,0.195804861,20
"2881",0.01,5000, 750,0.15,0.1, 75,0,5,"power","sounak", 0.000000000,30.000000000,0.000000000,30
"2882",0.02,5000, 750,0.15,0.1, 75,0,5,"power","sounak", 0.486666667,30.000000000,0.486666667,30
"2883",0.03,5000, 750,0.15,0.1, 75,0,5,"power","sounak", 0.552888889,30.000000000,0.552888889,30
"2884",0.04,5000, 750,0.15,0.1, 75,0,5,"power","sounak", 0.738666667,30.000000000,0.738666667,30
"2885",0.05,5000, 750,0.15,0.1, 75,0,5,"power","sounak", 0.808444444,30.000000000,0.808444444,30
"2886",0.06,5000, 750,0.15,0.1, 75,0,5,"power","sounak", 0.829777778,30.000000000,0.829777778,30
"2887",0.07,5000, 750,0.15,0.1, 75,0,5,"power","sounak", 0.845333333,30.000000000,0.845333333,30
"2888",0.08,5000, 750,0.15,0.1, 75,0,5,"power","sounak", 0.862222222,30.000000000,0.862222222,30
"2889",0.09,5000, 750,0.15,0.1, 75,0,5,"power","sounak", 0.872000000,30.000000000,0.872000000,30
"2890",0.10,5000, 750,0.15,0.1, 75,0,5,"power","sounak", 0.887111111,30.000000000,0.887111111,30
"2891",0.11,5000, 750,0.15,0.1, 75,0,5,"power","sounak", 0.894222222,30.000000000,0.894222222,30
"2892",0.12,5000, 750,0.15,0.1, 75,0,5,"power","sounak", 0.899111111,30.000000000,0.899111111,30
"2893",0.13,5000, 750,0.15,0.1, 75,0,5,"power","sounak", 0.904444444,30.000000000,0.904444444,30
"2894",0.14,5000, 750,0.15,0.1, 75,0,5,"power","sounak", 0.907555556,30.000000000,0.907555556,30
"2895",0.15,5000, 750,0.15,0.1, 75,0,5,"power","sounak", 0.909777778,30.000000000,0.909777778,30
"2896",0.16,5000, 750,0.15,0.1, 75,0,5,"power","sounak", 0.914666667,30.000000000,0.914666667,30
"2897",0.17,5000, 750,0.15,0.1, 75,0,5,"power","sounak", 0.916444444,30.000000000,0.916444444,30
"2898",0.18,5000, 750,0.15,0.1, 75,0,5,"power","sounak", 0.917777778,30.000000000,0.917777778,30
"2899",0.19,5000, 750,0.15,0.1, 75,0,5,"power","sounak", 0.919555556,30.000000000,0.919555556,30
"2900",0.20,5000, 750,0.15,0.1, 75,0,5,"power","sounak", 0.920444444,30.000000000,0.920444444,30
"2901",0.01,6000, 900,0.15,0.1, 90,0,5,"power","sounak", 0.000000000,20.000000000,0.000000000,20
"2902",0.02,6000, 900,0.15,0.1, 90,0,5,"power","sounak", 0.462222222,20.000000000,0.462222222,20
"2903",0.03,6000, 900,0.15,0.1, 90,0,5,"power","sounak", 0.647222222,20.000000000,0.647222222,20
"2904",0.04,6000, 900,0.15,0.1, 90,0,5,"power","sounak", 0.754444444,20.000000000,0.754444444,20
"2905",0.05,6000, 900,0.15,0.1, 90,0,5,"power","sounak", 0.815555556,20.000000000,0.815555556,20
"2906",0.06,6000, 900,0.15,0.1, 90,0,5,"power","sounak", 0.836666667,20.000000000,0.836666667,20
"2907",0.07,6000, 900,0.15,0.1, 90,0,5,"power","sounak", 0.847222222,20.000000000,0.847222222,20
"2908",0.08,6000, 900,0.15,0.1, 90,0,5,"power","sounak", 0.863333333,20.000000000,0.863333333,20
"2909",0.09,6000, 900,0.15,0.1, 90,0,5,"power","sounak", 0.866666667,20.000000000,0.866666667,20
"2910",0.10,6000, 900,0.15,0.1, 90,0,5,"power","sounak", 0.874444444,20.000000000,0.874444444,20
"2911",0.11,6000, 900,0.15,0.1, 90,0,5,"power","sounak", 0.883888889,20.000000000,0.883888889,20
"2912",0.12,6000, 900,0.15,0.1, 90,0,5,"power","sounak", 0.890000000,20.000000000,0.890000000,20
"2913",0.13,6000, 900,0.15,0.1, 90,0,5,"power","sounak", 0.892777778,20.000000000,0.892777778,20
"2914",0.14,6000, 900,0.15,0.1, 90,0,5,"power","sounak", 0.895555556,20.000000000,0.895555556,20
"2915",0.15,6000, 900,0.15,0.1, 90,0,5,"power","sounak", 0.898888889,20.000000000,0.898888889,20
"2916",0.16,6000, 900,0.15,0.1, 90,0,5,"power","sounak", 0.903888889,20.000000000,0.903888889,20
"2917",0.17,6000, 900,0.15,0.1, 90,0,5,"power","sounak", 0.907777778,20.000000000,0.907777778,20
"2918",0.18,6000, 900,0.15,0.1, 90,0,5,"power","sounak", 0.910000000,20.000000000,0.910000000,20
"2919",0.19,6000, 900,0.15,0.1, 90,0,5,"power","sounak", 0.913888889,20.000000000,0.913888889,20
"2920",0.20,6000, 900,0.15,0.1, 90,0,5,"power","sounak", 0.916666667,20.000000000,0.916666667,20
"2921",0.01,5000,1250,0.25,0.1,125,0,5,"power","sounak", 0.000000000,20.000000000,0.000000000,20
"2922",0.02,5000,1250,0.25,0.1,125,0,5,"power","sounak", 0.431600000,20.000000000,0.431600000,20
"2923",0.03,5000,1250,0.25,0.1,125,0,5,"power","sounak", 0.542000000,20.000000000,0.542000000,20
"2924",0.04,5000,1250,0.25,0.1,125,0,5,"power","sounak", 0.606000000,20.000000000,0.606000000,20
"2925",0.05,5000,1250,0.25,0.1,125,0,5,"power","sounak", 0.644400000,20.000000000,0.644400000,20
"2926",0.06,5000,1250,0.25,0.1,125,0,5,"power","sounak", 0.691200000,20.000000000,0.691200000,20
"2927",0.07,5000,1250,0.25,0.1,125,0,5,"power","sounak", 0.713200000,20.000000000,0.713200000,20
"2928",0.08,5000,1250,0.25,0.1,125,0,5,"power","sounak", 0.736800000,20.000000000,0.736800000,20
"2929",0.09,5000,1250,0.25,0.1,125,0,5,"power","sounak", 0.758400000,20.000000000,0.758400000,20
"2930",0.10,5000,1250,0.25,0.1,125,0,5,"power","sounak", 0.771600000,20.000000000,0.771600000,20
"2931",0.11,5000,1250,0.25,0.1,125,0,5,"power","sounak", 0.778800000,20.000000000,0.778800000,20
"2932",0.12,5000,1250,0.25,0.1,125,0,5,"power","sounak", 0.785600000,20.000000000,0.785600000,20
"2933",0.13,5000,1250,0.25,0.1,125,0,5,"power","sounak", 0.792400000,20.000000000,0.792400000,20
"2934",0.14,5000,1250,0.25,0.1,125,0,5,"power","sounak", 0.800000000,20.000000000,0.800000000,20
"2935",0.15,5000,1250,0.25,0.1,125,0,5,"power","sounak", 0.810400000,20.000000000,0.810400000,20
"2936",0.16,5000,1250,0.25,0.1,125,0,5,"power","sounak", 0.816400000,20.000000000,0.816400000,20
"2937",0.17,5000,1250,0.25,0.1,125,0,5,"power","sounak", 0.824000000,20.000000000,0.824000000,20
"2938",0.18,5000,1250,0.25,0.1,125,0,5,"power","sounak", 0.828400000,20.000000000,0.828400000,20
"2939",0.19,5000,1250,0.25,0.1,125,0,5,"power","sounak", 0.837200000,20.000000000,0.837200000,20
"2940",0.20,5000,1250,0.25,0.1,125,0,5,"power","sounak", 0.844000000,20.000000000,0.844000000,20
